<?xml version="1.0" encoding="utf8"?>
<beans xmlns="http://www.springframework.org/schema/beans"
       xmlns:xsi="http://www.w3.org/2001/XMLSchema-instance"
       xmlns:context="http://www.springframework.org/schema/context"
       xmlns:aop="http://www.springframework.org/schema/aop"
       xmlns:tx="http://www.springframework.org/schema/tx"
       xsi:schemaLocation="http://www.springframework.org/schema/beans
        https://www.springframework.org/schema/beans/spring-beans.xsd
        http://www.springframework.org/schema/context
        https://www.springframework.org/schema/context/spring-context.xsd
        http://www.springframework.org/schema/aop
        https://www.springframework.org/schema/aop/spring-aop.xsd
        http://www.springframework.org/schema/tx
        https://www.springframework.org/schema/tx/spring-tx.xsd">

    <!--扫描service下面的包-->
    <context:component-scan base-package="com.kuang.service"/>
<!--    将我们的所有业务类 注入到spring-->
    <bean id="BookServiceImpl" class="com.kuang.service.BookServiceImpl">
        <property name="bookMapper" ref="bookMapper"/>
    </bean>
<!--    声明式事务配置-->
    <bean id="transactionManager" class="org.springframework.jdbc.datasource.DataSourceTransactionManager">
<!--        注入数据-->
        <property name="dataSource" ref="dataSource"/>

    </bean>

<!--    aop事务支持-->
<!--结合AOP实现事务的织入-->
<!--配置事务通知-->
    <tx:advice id="txAdvice" transaction-manager="transactionManager">
<!--        给哪些方法配置事务-->
<!--        配置事务的传播特性 new propagation-->
        <tx:attributes>
            <tx:method name="*" propagation="REQUIRED" />
        </tx:attributes>
    </tx:advice>
<!--    配置事务切入-->
    <aop:config>
        <aop:pointcut id="txPointCut" expression="execution(* com.kuang.dao.*.*(..))"/>
        <aop:advisor advice-ref="txAdvice" pointcut-ref="txPointCut"/>
    </aop:config>
</beans>