<?xml version="1.0" encoding="utf8"?>
<beans xmlns="http://www.springframework.org/schema/beans"
       xmlns:xsi="http://www.w3.org/2001/XMLSchema-instance"
       xmlns:aop="http://www.springframework.org/schema/aop"
       xmlns:context="http://www.springframework.org/schema/context"
       xsi:schemaLocation="http://www.springframework.org/schema/beans
        http://www.springframework.org/schema/beans/spring-beans.xsd
        http://www.springframework.org/schema/context
        https://www.springframework.org/schema/context/spring-context.xsd">

<!--    关联数据库的配置文件-->
<context:property-placeholder location="classpath:database.properties"/>
<!--    连接池-->

    <bean id="dataSource" class="com.mchange.v2.c3p0.ComboPooledDataSource">
        <property name="driverClass" value="${driver}"/>
        <property name="jdbcUrl" value="${url}"/>
        <property name="password" value="${password}"/>
        <property name="user" value="${user}"/>
<!--        c3p0连接池私有属性-->
        <property name="maxPoolSize" value="30"/>
        <property name="minPoolSize" value="10"/>
        <property name="autoCommitOnClose" value="false"/>
        <property name="checkoutTimeout" value="10000"/>
<!--        失败重连次数-->
        <property name="acquireRetryAttempts" value="2"/>
     </bean>

<!--    sqlSessionFactory-->

    <bean id="sqlSessionFactory" class="org.mybatis.spring.SqlSessionFactoryBean">
        <property name="dataSource" ref="dataSource"/>
<!--        绑定mybatis的配置文件-->
        <property name="configLocation" value="classpath:mybatis-config.xml"/>
    </bean>

<!--    配置dao接口扫描包 动态实现了Dao接口可以注入到Spring容器-->
    <bean class="org.mybatis.spring.mapper.MapperScannerConfigurer">
<!--        注入sqlSessionFactory-->
        <property name="sqlSessionFactoryBeanName" value="sqlSessionFactory"/>
<!--    要扫描的包-->
        <property name="basePackage" value="com.kuang.dao"/>
    </bean>

</beans>